{
    "loss": 20.144868850708008,
    "accuracy": 0.5686274766921997
}