{
    "loss": 15.333304405212402,
    "accuracy": 0.4313725531101227
}