{
    "loss": 3.2029857635498047,
    "accuracy": 0.45098039507865906
}